Gene,Category
Aanat2,qRG_BY_aRG_up
Aatka,qRG_BY_aRG_up
Abhd15A,qRG_BY_aRG_up
Abtb2B,qRG_BY_aRG_up
Actr2B,qRG_BY_aRG_up
Adgrb1B,qRG_BY_aRG_up
Alas2,qRG_BY_aRG_up
Angptl5,qRG_BY_aRG_up
Anxa6,qRG_BY_aRG_up
Aoc1,qRG_BY_aRG_up
Ap1M3,qRG_BY_aRG_up
Ap1S3B,qRG_BY_aRG_up
Aplnra,qRG_BY_aRG_up
Aplnrb,qRG_BY_aRG_up
Arhgap32A,qRG_BY_aRG_up
Arpp21,qRG_BY_aRG_up
Asb4,qRG_BY_aRG_up
Asb5B,qRG_BY_aRG_up
Atp1A3A,qRG_BY_aRG_up
Atp1B1B,qRG_BY_aRG_up
Atp1B3B,qRG_BY_aRG_up
Atp2A3,qRG_BY_aRG_up
Atp2B3B,qRG_BY_aRG_up
B3Gat2,qRG_BY_aRG_up
B4Galnt1A,qRG_BY_aRG_up
Ba1,qRG_BY_aRG_up
Ba1,qRG_BY_aRG_up
Bambia,qRG_BY_aRG_up
Bin1B,qRG_BY_aRG_up
Bmp7B,qRG_BY_aRG_up
C1Ql3B,qRG_BY_aRG_up
C1Ql4A,qRG_BY_aRG_up
C1Qtnf4,qRG_BY_aRG_up
C6,qRG_BY_aRG_up
C7B,qRG_BY_aRG_up
Ca10A,qRG_BY_aRG_up
Cacng1A,qRG_BY_aRG_up
Cacng7B,qRG_BY_aRG_up
Cadm4,qRG_BY_aRG_up
Camk1B,qRG_BY_aRG_up
Camk1Db,qRG_BY_aRG_up
Camk1Gb,qRG_BY_aRG_up
Camk2A,qRG_BY_aRG_up
Camk2D1,qRG_BY_aRG_up
Camk2D2,qRG_BY_aRG_up
Camk2N1A,qRG_BY_aRG_up
Cart2,qRG_BY_aRG_up
Caska,qRG_BY_aRG_up
Cbln2B,qRG_BY_aRG_up
Ccdc136B,qRG_BY_aRG_up
Ccka,qRG_BY_aRG_up
Ccl25B,qRG_BY_aRG_up
Cd226,qRG_BY_aRG_up
Cd36,qRG_BY_aRG_up
Cd59,qRG_BY_aRG_up
Cd81B,qRG_BY_aRG_up
Cd9B,qRG_BY_aRG_up
Cdc42Ep3,qRG_BY_aRG_up
Cdh18A,qRG_BY_aRG_up
Cdhr5,qRG_BY_aRG_up
Cdk15,qRG_BY_aRG_up
Cdk5R2A,qRG_BY_aRG_up
Cfl1L,qRG_BY_aRG_up
Ch1073-291C23.1,qRG_BY_aRG_up
Chga,qRG_BY_aRG_up
Chn2,qRG_BY_aRG_up
Ckmt1,qRG_BY_aRG_up
Cldn19,qRG_BY_aRG_up
Cldnk,qRG_BY_aRG_up
Clstn3,qRG_BY_aRG_up
Cnih3,qRG_BY_aRG_up
Col9A3,qRG_BY_aRG_up
Colec11,qRG_BY_aRG_up
Cp,qRG_BY_aRG_up
Crhbp,qRG_BY_aRG_up
Csf1Rb,qRG_BY_aRG_up
Csf2Rb,qRG_BY_aRG_up
Csrp1B,qRG_BY_aRG_up
Cx27.5,qRG_BY_aRG_up
Cxcl11.6,qRG_BY_aRG_up
Cyp26B1,qRG_BY_aRG_up
Cyth3A,qRG_BY_aRG_up
Dnm1A,qRG_BY_aRG_up
Dnm3A,qRG_BY_aRG_up
Dok6,qRG_BY_aRG_up
Edil3A,qRG_BY_aRG_up
Eef1A1B,qRG_BY_aRG_up
Egr4,qRG_BY_aRG_up
Ehd4,qRG_BY_aRG_up
Elfn1A,qRG_BY_aRG_up
Elovl7A,qRG_BY_aRG_up
Eno2,qRG_BY_aRG_up
Epas1B,qRG_BY_aRG_up
Fabp10B,qRG_BY_aRG_up
Fam212Aa,qRG_BY_aRG_up
Fbxo41,qRG_BY_aRG_up
Fhl3A,qRG_BY_aRG_up
Flj13639,qRG_BY_aRG_up
Flvcr2B,qRG_BY_aRG_up
Fndc4B,qRG_BY_aRG_up
Foxb1A,qRG_BY_aRG_up
Fstb,qRG_BY_aRG_up
Fut9A,qRG_BY_aRG_up
Gabra5,qRG_BY_aRG_up
Gabrb2,qRG_BY_aRG_up
Gad1B,qRG_BY_aRG_up
Gad2,qRG_BY_aRG_up
Gdf11,qRG_BY_aRG_up
Gfra2B,qRG_BY_aRG_up
Gfra4A,qRG_BY_aRG_up
Glipr2,qRG_BY_aRG_up
Glipr2L,qRG_BY_aRG_up
Glmnb,qRG_BY_aRG_up
Gnat1,qRG_BY_aRG_up
Gng8,qRG_BY_aRG_up
Gngt1,qRG_BY_aRG_up
Gpr186,qRG_BY_aRG_up
Gpr78B,qRG_BY_aRG_up
Grap2A,qRG_BY_aRG_up
Gria2B,qRG_BY_aRG_up
Gria3A,qRG_BY_aRG_up
Gria3B,qRG_BY_aRG_up
Grid1B,qRG_BY_aRG_up
Grin1A,qRG_BY_aRG_up
Grin2Bb,qRG_BY_aRG_up
Grm8A,qRG_BY_aRG_up
Grm8B,qRG_BY_aRG_up
Hbaa1,qRG_BY_aRG_up
Hbaa1,qRG_BY_aRG_up
Hdac9B,qRG_BY_aRG_up
Hif1Al2,qRG_BY_aRG_up
Hsd11B2,qRG_BY_aRG_up
Hspa4L,qRG_BY_aRG_up
Htra1A,qRG_BY_aRG_up
Igsf9Ba,qRG_BY_aRG_up
Inaa,qRG_BY_aRG_up
Iqsec2,qRG_BY_aRG_up
Irx5A,qRG_BY_aRG_up
Itih1,qRG_BY_aRG_up
Jph1B,qRG_BY_aRG_up
Kcnf1B,qRG_BY_aRG_up
Kcnj11L,qRG_BY_aRG_up
Kcnj3B,qRG_BY_aRG_up
Khdrbs2,qRG_BY_aRG_up
Kiaa1549La,qRG_BY_aRG_up
Kiss1,qRG_BY_aRG_up
Kita,qRG_BY_aRG_up
Lim2.2,qRG_BY_aRG_up
Lin7A,qRG_BY_aRG_up
Lingo1A,qRG_BY_aRG_up
Lingo2A,qRG_BY_aRG_up
Lnx2A,qRG_BY_aRG_up
Loc100535965,qRG_BY_aRG_up
Loc103911412,qRG_BY_aRG_up
Loc108179126,qRG_BY_aRG_up
Loc563082,qRG_BY_aRG_up
Loc566587,qRG_BY_aRG_up
Loc569231,qRG_BY_aRG_up
Lrrc15,qRG_BY_aRG_up
Ly75,qRG_BY_aRG_up
Mab21L2,qRG_BY_aRG_up
Mao,qRG_BY_aRG_up
Map1Aa,qRG_BY_aRG_up
Map7D3,qRG_BY_aRG_up
Matn3B,qRG_BY_aRG_up
Mbpa,qRG_BY_aRG_up
Mknk2A,qRG_BY_aRG_up
Mkxa,qRG_BY_aRG_up
Mpz,qRG_BY_aRG_up
Ms4A17A.5,qRG_BY_aRG_up
Myo9Aa,qRG_BY_aRG_up
Myrf,qRG_BY_aRG_up
Ndufa4,qRG_BY_aRG_up
Necab1,qRG_BY_aRG_up
Neto1L,qRG_BY_aRG_up
Ngb,qRG_BY_aRG_up
Ninj2,qRG_BY_aRG_up
Nkx2.2A,qRG_BY_aRG_up
Nlgn3B,qRG_BY_aRG_up
Nol4Lb,qRG_BY_aRG_up
Npas4A,qRG_BY_aRG_up
Npb,qRG_BY_aRG_up
Nppcl,qRG_BY_aRG_up
Nptnb,qRG_BY_aRG_up
Nptx1L,qRG_BY_aRG_up
Npy,qRG_BY_aRG_up
Nr4A2A,qRG_BY_aRG_up
Nrg3B,qRG_BY_aRG_up
Nrgna,qRG_BY_aRG_up
Nrsn1,qRG_BY_aRG_up
Nrxn1A,qRG_BY_aRG_up
Nrxn2B,qRG_BY_aRG_up
Nt5C2L1,qRG_BY_aRG_up
Nwd2,qRG_BY_aRG_up
Olfm3B,qRG_BY_aRG_up
Olig1,qRG_BY_aRG_up
Olig2,qRG_BY_aRG_up
Opcml,qRG_BY_aRG_up
Oprl1,qRG_BY_aRG_up
Osbp2,qRG_BY_aRG_up
Palmdb,qRG_BY_aRG_up
Pcbp4,qRG_BY_aRG_up
Pcolceb,qRG_BY_aRG_up
Pcp4A,qRG_BY_aRG_up
Pcsk1Nl,qRG_BY_aRG_up
Penkb,qRG_BY_aRG_up
Pik3Cd,qRG_BY_aRG_up
Plcxd1,qRG_BY_aRG_up
Plcxd3,qRG_BY_aRG_up
Plp1B,qRG_BY_aRG_up
Plp2,qRG_BY_aRG_up
Plpp1A,qRG_BY_aRG_up
Plppr3B,qRG_BY_aRG_up
Popdc2,qRG_BY_aRG_up
Pou3F2A,qRG_BY_aRG_up
Pou4F1,qRG_BY_aRG_up
Pou4F2,qRG_BY_aRG_up
Ppfibp2B,qRG_BY_aRG_up
Ppm1Nb,qRG_BY_aRG_up
Ppp1R14Aa,qRG_BY_aRG_up
Ppp1R14Ab,qRG_BY_aRG_up
Prdm8,qRG_BY_aRG_up
Prlhr2A,qRG_BY_aRG_up
Prom1B,qRG_BY_aRG_up
Prom2,qRG_BY_aRG_up
Ptprnb,qRG_BY_aRG_up
Pvalb6,qRG_BY_aRG_up
Pyya,qRG_BY_aRG_up
Pyyb,qRG_BY_aRG_up
Ralgps1,qRG_BY_aRG_up
Rapgef5A,qRG_BY_aRG_up
Rasd1,qRG_BY_aRG_up
Rcan3,qRG_BY_aRG_up
Rcvrn3,qRG_BY_aRG_up
Rerglb,qRG_BY_aRG_up
Rgcc,qRG_BY_aRG_up
Rgl3A,qRG_BY_aRG_up
Rgs16,qRG_BY_aRG_up
Rgs7Bpb,qRG_BY_aRG_up
Rgs8,qRG_BY_aRG_up
Rhoq,qRG_BY_aRG_up
Rin2,qRG_BY_aRG_up
Rnd1A,qRG_BY_aRG_up
Rprml,qRG_BY_aRG_up
Rpz,qRG_BY_aRG_up
Rpz3,qRG_BY_aRG_up
Rtn4R,qRG_BY_aRG_up
Sar1Ab,qRG_BY_aRG_up
Scdb,qRG_BY_aRG_up
Scg2B,qRG_BY_aRG_up
Scgn,qRG_BY_aRG_up
Scn4Bb,qRG_BY_aRG_up
Sema5A,qRG_BY_aRG_up
Sez6B,qRG_BY_aRG_up
Sez6L2,qRG_BY_aRG_up
Sh3Gl2,qRG_BY_aRG_up
Sh3Tc2,qRG_BY_aRG_up
Shisa7B,qRG_BY_aRG_up
Si:Busm1-57F23.1,qRG_BY_aRG_up
Si:Ch211-113G11.6,qRG_BY_aRG_up
Si:Ch211-132B12.8,qRG_BY_aRG_up
Si:Ch211-149P5.1,qRG_BY_aRG_up
Si:Ch211-151P13.8,qRG_BY_aRG_up
Si:Ch211-180A12.2,qRG_BY_aRG_up
Si:Ch211-197G15.10,qRG_BY_aRG_up
Si:Ch211-237L4.6,qRG_BY_aRG_up
Si:Ch211-240L19.5,qRG_BY_aRG_up
Si:Ch211-254N4.3,qRG_BY_aRG_up
Si:Ch211-286C4.6,qRG_BY_aRG_up
Si:Ch211-76L23.7,qRG_BY_aRG_up
Si:Ch73-199E17.1,qRG_BY_aRG_up
Si:Ch73-51I5.2,qRG_BY_aRG_up
Si:Dkey-105E17.1,qRG_BY_aRG_up
Si:Dkey-106C17.3,qRG_BY_aRG_up
Si:Dkey-106L3.6,qRG_BY_aRG_up
Si:Dkey-145P14.5,qRG_BY_aRG_up
Si:Dkey-164F24.2,qRG_BY_aRG_up
Si:Dkey-172J4.3,qRG_BY_aRG_up
Si:Dkey-183J2.10,qRG_BY_aRG_up
Si:Dkey-200L5.4,qRG_BY_aRG_up
Si:Dkey-204F11.64,qRG_BY_aRG_up
Si:Dkey-211G8.5,qRG_BY_aRG_up
Si:Dkey-22O12.2,qRG_BY_aRG_up
Si:Dkey-238D18.5,qRG_BY_aRG_up
Si:Dkey-238F9.1,qRG_BY_aRG_up
Si:Dkey-238O13.4,qRG_BY_aRG_up
Si:Dkey-27H10.2,qRG_BY_aRG_up
Si:Dkey-33C12.3,qRG_BY_aRG_up
Si:Dkey-58F10.12,qRG_BY_aRG_up
Si:Dkey-58F10.14,qRG_BY_aRG_up
Si:Dkey-58F10.7,qRG_BY_aRG_up
Si:Dkey-7I4.24,qRG_BY_aRG_up
Si:Dkey-87K14.1,qRG_BY_aRG_up
Si:Dkeyp-111E5.4,qRG_BY_aRG_up
Si:Dkeyp-123H10.2,qRG_BY_aRG_up
Si:Dkeyp-69C1.7,qRG_BY_aRG_up
Si:Dkeyp-72H1.1,qRG_BY_aRG_up
Slc1A1,qRG_BY_aRG_up
Slc2A3A,qRG_BY_aRG_up
Slc31A2,qRG_BY_aRG_up
Slc35G2A,qRG_BY_aRG_up
Slc35G2B,qRG_BY_aRG_up
Slc4A1A,qRG_BY_aRG_up
Slc4A8,qRG_BY_aRG_up
Soul5,qRG_BY_aRG_up
Sox10,qRG_BY_aRG_up
Sox8B,qRG_BY_aRG_up
Sox9B,qRG_BY_aRG_up
Specc1,qRG_BY_aRG_up
Spns2,qRG_BY_aRG_up
Spock3,qRG_BY_aRG_up
Sst1.1,qRG_BY_aRG_up
Sst3,qRG_BY_aRG_up
Stmn3,qRG_BY_aRG_up
Syn1,qRG_BY_aRG_up
Syn2A,qRG_BY_aRG_up
Syngap1B,qRG_BY_aRG_up
Syngr3B,qRG_BY_aRG_up
Synpr,qRG_BY_aRG_up
Syt13,qRG_BY_aRG_up
Syt5B,qRG_BY_aRG_up
Syt9B,qRG_BY_aRG_up
Tac3A,qRG_BY_aRG_up
Tbx2B,qRG_BY_aRG_up
Tfeb,qRG_BY_aRG_up
Timd4,qRG_BY_aRG_up
Tlcd1,qRG_BY_aRG_up
Tlr21,qRG_BY_aRG_up
Tmeff2A,qRG_BY_aRG_up
Tmem178,qRG_BY_aRG_up
Tmem178B,qRG_BY_aRG_up
Tmem51A,qRG_BY_aRG_up
Tnfsf13B,qRG_BY_aRG_up
Tpcn1,qRG_BY_aRG_up
Traf4A,qRG_BY_aRG_up
Trh,qRG_BY_aRG_up
Trim13,qRG_BY_aRG_up
Tspan2A,qRG_BY_aRG_up
Tub,qRG_BY_aRG_up
Tuba8L3,qRG_BY_aRG_up
Tulp4B,qRG_BY_aRG_up
Uap1L1,qRG_BY_aRG_up
Ugt8,qRG_BY_aRG_up
Unm_Hu7912,qRG_BY_aRG_up
Ust,qRG_BY_aRG_up
Uts1,qRG_BY_aRG_up
Vav2,qRG_BY_aRG_up
Vav3B,qRG_BY_aRG_up
Vsnl1A,qRG_BY_aRG_up
Vsnl1B,qRG_BY_aRG_up
Vstm4A,qRG_BY_aRG_up
Wu:Fj58G06,qRG_BY_aRG_up
Zcchc24,qRG_BY_aRG_up
Zgc:113337,qRG_BY_aRG_up
Zgc:122979,qRG_BY_aRG_up
Zgc:153615,qRG_BY_aRG_up
Zgc:153733,qRG_BY_aRG_up
Zgc:163057,qRG_BY_aRG_up
Zgc:171558,qRG_BY_aRG_up
Zgc:174945,qRG_BY_aRG_up
Zgc:194312,qRG_BY_aRG_up
Zgc:195023,qRG_BY_aRG_up
Zgc:66433,qRG_BY_aRG_up
Zgc:91818,qRG_BY_aRG_up
Afap1,aRG_BY_qRG_up
Ajuba,aRG_BY_qRG_up
Alcamb,aRG_BY_qRG_up
Ascl1A,aRG_BY_qRG_up
Atf5A,aRG_BY_qRG_up
Aurkb,aRG_BY_qRG_up
Bhlhe22,aRG_BY_qRG_up
Bhlhe23,aRG_BY_qRG_up
Boc,aRG_BY_qRG_up
Bub1Bb,aRG_BY_qRG_up
Ca16C,aRG_BY_qRG_up
Cad,aRG_BY_qRG_up
Casc5,aRG_BY_qRG_up
Cbsa,aRG_BY_qRG_up
Ccna2,aRG_BY_qRG_up
Ccnb1,aRG_BY_qRG_up
Ccnb2,aRG_BY_qRG_up
Cdc7,aRG_BY_qRG_up
Cdca5,aRG_BY_qRG_up
Cdca7A,aRG_BY_qRG_up
Cdca7B,aRG_BY_qRG_up
Cdca8,aRG_BY_qRG_up
Cdk2,aRG_BY_qRG_up
Cdkn1A,aRG_BY_qRG_up
Cdt1,aRG_BY_qRG_up
Celsr1A,aRG_BY_qRG_up
Cenph,aRG_BY_qRG_up
Cenpn,aRG_BY_qRG_up
Chaf1A,aRG_BY_qRG_up
Chaf1B,aRG_BY_qRG_up
Chtf18,aRG_BY_qRG_up
Cks2,aRG_BY_qRG_up
Clic4,aRG_BY_qRG_up
Cntln,aRG_BY_qRG_up
Coro2Ba,aRG_BY_qRG_up
Crb2B,aRG_BY_qRG_up
Cx43.4,aRG_BY_qRG_up
Cyp26A1,aRG_BY_qRG_up
Dacha,aRG_BY_qRG_up
Ddx11,aRG_BY_qRG_up
Depdc1A,aRG_BY_qRG_up
Dhfr,aRG_BY_qRG_up
Dla,aRG_BY_qRG_up
Dlb,aRG_BY_qRG_up
Dlc,aRG_BY_qRG_up
Dld,aRG_BY_qRG_up
Dll4,aRG_BY_qRG_up
Dmrt3A,aRG_BY_qRG_up
Dmrta2,aRG_BY_qRG_up
Dnmt3Ba,aRG_BY_qRG_up
Dscc1,aRG_BY_qRG_up
Dsn1,aRG_BY_qRG_up
Dtl,aRG_BY_qRG_up
Dvl2,aRG_BY_qRG_up
Ebf1B,aRG_BY_qRG_up
Efcc1,aRG_BY_qRG_up
Elavl3,aRG_BY_qRG_up
Emx3,aRG_BY_qRG_up
Enc3,aRG_BY_qRG_up
Eomesa,aRG_BY_qRG_up
Epha2A,aRG_BY_qRG_up
Epha4A,aRG_BY_qRG_up
Ercc6L,aRG_BY_qRG_up
Fam107B,aRG_BY_qRG_up
Fam60Al,aRG_BY_qRG_up
Fbxo5,aRG_BY_qRG_up
Fen1,aRG_BY_qRG_up
Fezf1,aRG_BY_qRG_up
Fezf2,aRG_BY_qRG_up
Fgfr4,aRG_BY_qRG_up
Fgfrl1A,aRG_BY_qRG_up
Fscn2B,aRG_BY_qRG_up
Fxyd6L,aRG_BY_qRG_up
Fzd3A,aRG_BY_qRG_up
Fzd7B,aRG_BY_qRG_up
Gadd45Gb.1,aRG_BY_qRG_up
Gins2,aRG_BY_qRG_up
Gli2A,aRG_BY_qRG_up
Glrba,aRG_BY_qRG_up
Haus1,aRG_BY_qRG_up
Hells,aRG_BY_qRG_up
Her13,aRG_BY_qRG_up
Her15.1,aRG_BY_qRG_up
Her2,aRG_BY_qRG_up
Her4.2,aRG_BY_qRG_up
Her4.3,aRG_BY_qRG_up
Her4.4,aRG_BY_qRG_up
Her8.2,aRG_BY_qRG_up
Hes6,aRG_BY_qRG_up
Hhip,aRG_BY_qRG_up
Hmgb1B,aRG_BY_qRG_up
Hmgb2B,aRG_BY_qRG_up
Hnrnpa1B,aRG_BY_qRG_up
Hs3St1L2,aRG_BY_qRG_up
Hunk,aRG_BY_qRG_up
Insm1A,aRG_BY_qRG_up
Insm1B,aRG_BY_qRG_up
Kcnj1B,aRG_BY_qRG_up
Kctd15A,aRG_BY_qRG_up
Kiaa0101,aRG_BY_qRG_up
Kidins220A,aRG_BY_qRG_up
Kif20Ba,aRG_BY_qRG_up
Kif26Bb,aRG_BY_qRG_up
Kif2C,aRG_BY_qRG_up
Krcp,aRG_BY_qRG_up
Lfng,aRG_BY_qRG_up
Lhx2B,aRG_BY_qRG_up
Lig1,aRG_BY_qRG_up
Loc100534909,aRG_BY_qRG_up
Loxl1,aRG_BY_qRG_up
Loxl2B,aRG_BY_qRG_up
Lrwd1,aRG_BY_qRG_up
Mad2L1,aRG_BY_qRG_up
Marveld2A,aRG_BY_qRG_up
Mcm3,aRG_BY_qRG_up
Mcm4,aRG_BY_qRG_up
Mcm5,aRG_BY_qRG_up
Mcm6,aRG_BY_qRG_up
Meis2B,aRG_BY_qRG_up
Melk,aRG_BY_qRG_up
Mex3A,aRG_BY_qRG_up
Mex3B,aRG_BY_qRG_up
Mfap2,aRG_BY_qRG_up
Mis12,aRG_BY_qRG_up
Mis18Bp1,aRG_BY_qRG_up
Mki67,aRG_BY_qRG_up
Mns1,aRG_BY_qRG_up
Mpped1,aRG_BY_qRG_up
Mtcl1,aRG_BY_qRG_up
Mus81,aRG_BY_qRG_up
Mybl2B,aRG_BY_qRG_up
Mycn,aRG_BY_qRG_up
Myt1A,aRG_BY_qRG_up
Ncapg,aRG_BY_qRG_up
Ncaph,aRG_BY_qRG_up
Ncaph2,aRG_BY_qRG_up
Ndc80,aRG_BY_qRG_up
Nek2,aRG_BY_qRG_up
Nes,aRG_BY_qRG_up
Neurod1,aRG_BY_qRG_up
Neurod2,aRG_BY_qRG_up
Neurod4,aRG_BY_qRG_up
Neurod6B,aRG_BY_qRG_up
Neurog1,aRG_BY_qRG_up
Nfe2L2B,aRG_BY_qRG_up
Nfil3,aRG_BY_qRG_up
Nfixb,aRG_BY_qRG_up
Nhlh2,aRG_BY_qRG_up
Nhsl1A,aRG_BY_qRG_up
Nin,aRG_BY_qRG_up
Notch1B,aRG_BY_qRG_up
Notch3,aRG_BY_qRG_up
Nr2F1A,aRG_BY_qRG_up
Nrp2B,aRG_BY_qRG_up
Nudt1,aRG_BY_qRG_up
Nuf2,aRG_BY_qRG_up
Nusap1,aRG_BY_qRG_up
Olig4,aRG_BY_qRG_up
Orc6,aRG_BY_qRG_up
Otpb,aRG_BY_qRG_up
Otx1A,aRG_BY_qRG_up
Palb2,aRG_BY_qRG_up
Pcna,aRG_BY_qRG_up
Pdgfaa,aRG_BY_qRG_up
Phf19,aRG_BY_qRG_up
Plk1,aRG_BY_qRG_up
Plk4,aRG_BY_qRG_up
Plppr3A,aRG_BY_qRG_up
Plxna2,aRG_BY_qRG_up
Podxl,aRG_BY_qRG_up
Pola2,aRG_BY_qRG_up
Pold1,aRG_BY_qRG_up
Pole,aRG_BY_qRG_up
Pou3F3B,aRG_BY_qRG_up
Ppp1R14Ba,aRG_BY_qRG_up
Prdm8B,aRG_BY_qRG_up
Primpol,aRG_BY_qRG_up
Pskh1,aRG_BY_qRG_up
Psmc3Ip,aRG_BY_qRG_up
Raver1,aRG_BY_qRG_up
Rcor2,aRG_BY_qRG_up
Rfc2,aRG_BY_qRG_up
Rpa3,aRG_BY_qRG_up
Rrm1,aRG_BY_qRG_up
Rrm2,aRG_BY_qRG_up
Rspo3,aRG_BY_qRG_up
Rx1,aRG_BY_qRG_up
Samd11,aRG_BY_qRG_up
Scrt2,aRG_BY_qRG_up
Sdprb,aRG_BY_qRG_up
Shdb,aRG_BY_qRG_up
Shisa3,aRG_BY_qRG_up
Si:Ch211-163L21.4,aRG_BY_qRG_up
Si:Ch211-183D21.1,aRG_BY_qRG_up
Si:Ch211-222L21.1,aRG_BY_qRG_up
Si:Ch211-22D5.2,aRG_BY_qRG_up
Si:Ch211-237C6.4,aRG_BY_qRG_up
Si:Ch211-266I6.3,aRG_BY_qRG_up
Si:Ch211-266K8.4,aRG_BY_qRG_up
Si:Ch211-288G17.3,aRG_BY_qRG_up
Si:Ch211-69G19.2,aRG_BY_qRG_up
Si:Ch73-21G5.7,aRG_BY_qRG_up
Si:Dkey-117N7.5,aRG_BY_qRG_up
Si:Dkey-261H17.1,aRG_BY_qRG_up
Si:Dkey-38P12.3,aRG_BY_qRG_up
Si:Dkey-51A16.9,aRG_BY_qRG_up
Si:Dkey-57A22.11,aRG_BY_qRG_up
Si:Dkey-6I22.5,aRG_BY_qRG_up
Si:Dkeyp-117H8.4,aRG_BY_qRG_up
Slc16A4,aRG_BY_qRG_up
Slc29A2,aRG_BY_qRG_up
Slc38A5B,aRG_BY_qRG_up
Slc43A1A,aRG_BY_qRG_up
Slx4Ip,aRG_BY_qRG_up
Smo,aRG_BY_qRG_up
Snai3,aRG_BY_qRG_up
Spc25,aRG_BY_qRG_up
Spsb4A,aRG_BY_qRG_up
Ssrp1A,aRG_BY_qRG_up
St5,aRG_BY_qRG_up
St8Sia2,aRG_BY_qRG_up
Stab2,aRG_BY_qRG_up
Stmn1A,aRG_BY_qRG_up
Tbr1B,aRG_BY_qRG_up
Tesca,aRG_BY_qRG_up
Tfap2A,aRG_BY_qRG_up
Tfdp2,aRG_BY_qRG_up
Thbs3A,aRG_BY_qRG_up
Tmsb,aRG_BY_qRG_up
Tnfrsf19,aRG_BY_qRG_up
Top2A,aRG_BY_qRG_up
Tp53Inp2,aRG_BY_qRG_up
Tpx2,aRG_BY_qRG_up
Trip13,aRG_BY_qRG_up
Tuba1A,aRG_BY_qRG_up
Tuba1B,aRG_BY_qRG_up
Tubb5,aRG_BY_qRG_up
Tyms,aRG_BY_qRG_up
Ube2T,aRG_BY_qRG_up
Vim,aRG_BY_qRG_up
Whsc1,aRG_BY_qRG_up
Wif1,aRG_BY_qRG_up
Wu:Fc66H01,aRG_BY_qRG_up
Zgc:110425,aRG_BY_qRG_up
Zgc:110796,aRG_BY_qRG_up
Zgc:153405,aRG_BY_qRG_up
Zgc:158659,aRG_BY_qRG_up
Zgc:55461,aRG_BY_qRG_up
Zwilch,aRG_BY_qRG_up
Aanat2,qRP_BY_aNP_up
Aatka,qRP_BY_aNP_up
Abca1B,qRP_BY_aNP_up
Abcc5,qRP_BY_aNP_up
Abhd12,qRP_BY_aNP_up
Abhd3,qRP_BY_aNP_up
Abtb2B,qRP_BY_aNP_up
Acaa1,qRP_BY_aNP_up
Acaca,qRP_BY_aNP_up
Ache,qRP_BY_aNP_up
Acsl4B,qRP_BY_aNP_up
Add3A,qRP_BY_aNP_up
Adgrb1B,qRP_BY_aNP_up
Adgrg3,qRP_BY_aNP_up
Adprh,qRP_BY_aNP_up
Agpat3,qRP_BY_aNP_up
Agtrap,qRP_BY_aNP_up
Ak3,qRP_BY_aNP_up
Ak4,qRP_BY_aNP_up
Ak5,qRP_BY_aNP_up
Aldh3A2A,qRP_BY_aNP_up
Aldh8A1,qRP_BY_aNP_up
Aldocb,qRP_BY_aNP_up
Alox12,qRP_BY_aNP_up
Alox5Ap,qRP_BY_aNP_up
Angptl4,qRP_BY_aNP_up
Antxr1C,qRP_BY_aNP_up
Anxa13,qRP_BY_aNP_up
Anxa3B,qRP_BY_aNP_up
Anxa6,qRP_BY_aNP_up
Aoc2,qRP_BY_aNP_up
Ap1M3,qRP_BY_aNP_up
Ap1S3B,qRP_BY_aNP_up
Aplnra,qRP_BY_aNP_up
Aplnrb,qRP_BY_aNP_up
Aplp2,qRP_BY_aNP_up
Apoc1L,qRP_BY_aNP_up
Apoeb,qRP_BY_aNP_up
Apol1,qRP_BY_aNP_up
Aqp7,qRP_BY_aNP_up
Arhgap42A,qRP_BY_aNP_up
Arhgef16,qRP_BY_aNP_up
Arl4D,qRP_BY_aNP_up
Asah1B,qRP_BY_aNP_up
Asb5B,qRP_BY_aNP_up
Asph,qRP_BY_aNP_up
Asrgl1,qRP_BY_aNP_up
Astn1,qRP_BY_aNP_up
Atcaya,qRP_BY_aNP_up
Atf3,qRP_BY_aNP_up
Atf5B,qRP_BY_aNP_up
Atox1,qRP_BY_aNP_up
Atp1A1B,qRP_BY_aNP_up
Atp1B4,qRP_BY_aNP_up
Atp2B3B,qRP_BY_aNP_up
Atp6Ap1B,qRP_BY_aNP_up
Atp6Ap2,qRP_BY_aNP_up
Atp6V0B,qRP_BY_aNP_up
Atp6V0Ca,qRP_BY_aNP_up
Atp6V0D1,qRP_BY_aNP_up
Atp6V1Ab,qRP_BY_aNP_up
Atp6V1Ba,qRP_BY_aNP_up
Atp6V1C1A,qRP_BY_aNP_up
Atp6V1E1B,qRP_BY_aNP_up
Atp6V1F,qRP_BY_aNP_up
Atp6V1H,qRP_BY_aNP_up
B3Gat2,qRP_BY_aNP_up
Bambia,qRP_BY_aNP_up
Bckdhbl,qRP_BY_aNP_up
Bcl2B,qRP_BY_aNP_up
Bcl6Ab,qRP_BY_aNP_up
Bet1L,qRP_BY_aNP_up
Bicc1B,qRP_BY_aNP_up
Bmp2A,qRP_BY_aNP_up
Bnip4,qRP_BY_aNP_up
Boc,qRP_BY_aNP_up
Brf1A,qRP_BY_aNP_up
Bri3,qRP_BY_aNP_up
Bsg,qRP_BY_aNP_up
Btbd6A,qRP_BY_aNP_up
Btg2,qRP_BY_aNP_up
C1Qb,qRP_BY_aNP_up
C1Ql3A,qRP_BY_aNP_up
C1Ql3B,qRP_BY_aNP_up
C1Ql4A,qRP_BY_aNP_up
C5Ar1,qRP_BY_aNP_up
C6,qRP_BY_aNP_up
C7B,qRP_BY_aNP_up
Ca10A,qRP_BY_aNP_up
Ca8,qRP_BY_aNP_up
Cadm4,qRP_BY_aNP_up
Cadpsa,qRP_BY_aNP_up
Calb2A,qRP_BY_aNP_up
Camk1B,qRP_BY_aNP_up
Camk2A,qRP_BY_aNP_up
Camk2N1A,qRP_BY_aNP_up
Capn1A,qRP_BY_aNP_up
Card9,qRP_BY_aNP_up
Cart2,qRP_BY_aNP_up
Caska,qRP_BY_aNP_up
Cbr1L,qRP_BY_aNP_up
Ccdc136B,qRP_BY_aNP_up
Ccdc87,qRP_BY_aNP_up
Ccka,qRP_BY_aNP_up
Ccl34B.1,qRP_BY_aNP_up
Ccr12A,qRP_BY_aNP_up
Cd164,qRP_BY_aNP_up
Cd22,qRP_BY_aNP_up
Cd2Ap,qRP_BY_aNP_up
Cd302,qRP_BY_aNP_up
Cd59,qRP_BY_aNP_up
Cd63,qRP_BY_aNP_up
Cd74B,qRP_BY_aNP_up
Cd81A,qRP_BY_aNP_up
Cd81B,qRP_BY_aNP_up
Cd82A,qRP_BY_aNP_up
Cd9B,qRP_BY_aNP_up
Cdc42Se1,qRP_BY_aNP_up
Cdh4,qRP_BY_aNP_up
Cdhr5,qRP_BY_aNP_up
Cebpa,qRP_BY_aNP_up
Cebpd,qRP_BY_aNP_up
Cenpp,qRP_BY_aNP_up
Cfp,qRP_BY_aNP_up
Cgref1,qRP_BY_aNP_up
Ch1073-291C23.1,qRP_BY_aNP_up
Ch25H,qRP_BY_aNP_up
Chn2,qRP_BY_aNP_up
Chp2,qRP_BY_aNP_up
Chst15,qRP_BY_aNP_up
Chst7,qRP_BY_aNP_up
Cldn12,qRP_BY_aNP_up
Cldn19,qRP_BY_aNP_up
Cldnk,qRP_BY_aNP_up
Clic2,qRP_BY_aNP_up
Cln3,qRP_BY_aNP_up
Cmbl,qRP_BY_aNP_up
Cmklr1,qRP_BY_aNP_up
Cndp2,qRP_BY_aNP_up
Col18A1,qRP_BY_aNP_up
Coro1Ca,qRP_BY_aNP_up
Cox4I2,qRP_BY_aNP_up
Cp,qRP_BY_aNP_up
Cpox,qRP_BY_aNP_up
Cpvl,qRP_BY_aNP_up
Crabp1A,qRP_BY_aNP_up
Creg2,qRP_BY_aNP_up
Crhbp,qRP_BY_aNP_up
Crip2,qRP_BY_aNP_up
Crip3,qRP_BY_aNP_up
Crtac1A,qRP_BY_aNP_up
Crtap,qRP_BY_aNP_up
Crym,qRP_BY_aNP_up
Csf1Rb,qRP_BY_aNP_up
Csrp1B,qRP_BY_aNP_up
Cst3,qRP_BY_aNP_up
Ctns,qRP_BY_aNP_up
Ctsba,qRP_BY_aNP_up
Ctsd,qRP_BY_aNP_up
Ctsf,qRP_BY_aNP_up
Ctsh,qRP_BY_aNP_up
Ctsk,qRP_BY_aNP_up
Ctss2.2,qRP_BY_aNP_up
Ctsz,qRP_BY_aNP_up
Cuedc1B,qRP_BY_aNP_up
Cul5A,qRP_BY_aNP_up
Cx27.5,qRP_BY_aNP_up
Cx32.2,qRP_BY_aNP_up
Cx43,qRP_BY_aNP_up
Cxcl11.6,qRP_BY_aNP_up
Cxcl12A,qRP_BY_aNP_up
Cxcl14,qRP_BY_aNP_up
Cxcl18B,qRP_BY_aNP_up
Cxcl20,qRP_BY_aNP_up
Cxcr3.2,qRP_BY_aNP_up
Cyfip1,qRP_BY_aNP_up
Cyp26B1,qRP_BY_aNP_up
Cyp27A7,qRP_BY_aNP_up
Cyp2Ad3,qRP_BY_aNP_up
Cyp2P6,qRP_BY_aNP_up
Cyp2P7,qRP_BY_aNP_up
Cyp39A1,qRP_BY_aNP_up
Cyp4T8,qRP_BY_aNP_up
Cyp51,qRP_BY_aNP_up
Cyth3A,qRP_BY_aNP_up
Dao.2,qRP_BY_aNP_up
Dapk1,qRP_BY_aNP_up
Dars,qRP_BY_aNP_up
Ddit3,qRP_BY_aNP_up
Desi1A,qRP_BY_aNP_up
Dhrs1,qRP_BY_aNP_up
Dhrs11B,qRP_BY_aNP_up
Dhrs9,qRP_BY_aNP_up
Dhx58,qRP_BY_aNP_up
Dicp3.3,qRP_BY_aNP_up
Dio1,qRP_BY_aNP_up
Dio2,qRP_BY_aNP_up
Dkk3B,qRP_BY_aNP_up
Dmxl2,qRP_BY_aNP_up
Dnajc12,qRP_BY_aNP_up
Dnase2,qRP_BY_aNP_up
Dnase2B,qRP_BY_aNP_up
Dnm3A,qRP_BY_aNP_up
Dok4,qRP_BY_aNP_up
Dpp6B,qRP_BY_aNP_up
Dpp7,qRP_BY_aNP_up
Dpysl5B,qRP_BY_aNP_up
Dusp5,qRP_BY_aNP_up
Ebf3B,qRP_BY_aNP_up
Ebp,qRP_BY_aNP_up
Eef1A1B,qRP_BY_aNP_up
Eef2L2,qRP_BY_aNP_up
Eepd1,qRP_BY_aNP_up
Efhd1,qRP_BY_aNP_up
Egr1,qRP_BY_aNP_up
Egr2A,qRP_BY_aNP_up
Egr4,qRP_BY_aNP_up
Ehd1B,qRP_BY_aNP_up
Ehd4,qRP_BY_aNP_up
Eif4Eb,qRP_BY_aNP_up
Elk3,qRP_BY_aNP_up
Elovl2,qRP_BY_aNP_up
Elovl7A,qRP_BY_aNP_up
Eml1,qRP_BY_aNP_up
Eno1B,qRP_BY_aNP_up
Eno2,qRP_BY_aNP_up
Enosf1,qRP_BY_aNP_up
Entpd1,qRP_BY_aNP_up
Entpd2A.1,qRP_BY_aNP_up
Epb41L5,qRP_BY_aNP_up
Epdr1,qRP_BY_aNP_up
Erc1B,qRP_BY_aNP_up
Etv4,qRP_BY_aNP_up
F3B,qRP_BY_aNP_up
Faah2A,qRP_BY_aNP_up
Fabp11A,qRP_BY_aNP_up
Fabp7A,qRP_BY_aNP_up
Fam171A2,qRP_BY_aNP_up
Fam198B,qRP_BY_aNP_up
Fam19A5A,qRP_BY_aNP_up
Fam212Aa,qRP_BY_aNP_up
Fcho2,qRP_BY_aNP_up
Fgf12A,qRP_BY_aNP_up
Fgfr2,qRP_BY_aNP_up
Fhl3A,qRP_BY_aNP_up
Fhod3B,qRP_BY_aNP_up
Fjx1,qRP_BY_aNP_up
Fkbp14,qRP_BY_aNP_up
Fkbp1Ab,qRP_BY_aNP_up
Fkbp8,qRP_BY_aNP_up
Flj13639,qRP_BY_aNP_up
Flvcr2B,qRP_BY_aNP_up
Fmo5,qRP_BY_aNP_up
Fndc3Bb,qRP_BY_aNP_up
Fndc4B,qRP_BY_aNP_up
Fosab,qRP_BY_aNP_up
Fosl1A,qRP_BY_aNP_up
Foxb1A,qRP_BY_aNP_up
Ftr93,qRP_BY_aNP_up
Fuca2,qRP_BY_aNP_up
Fzd2,qRP_BY_aNP_up
G0S2,qRP_BY_aNP_up
Gab1,qRP_BY_aNP_up
Gabrb2,qRP_BY_aNP_up
Gadd45Ba,qRP_BY_aNP_up
Gadd45Bb,qRP_BY_aNP_up
Galk1,qRP_BY_aNP_up
Galns,qRP_BY_aNP_up
Gas1B,qRP_BY_aNP_up
Gas6,qRP_BY_aNP_up
Gb:Eh507706,qRP_BY_aNP_up
Gfap,qRP_BY_aNP_up
Gfra2B,qRP_BY_aNP_up
Git2B,qRP_BY_aNP_up
Glipr2,qRP_BY_aNP_up
Glipr2L,qRP_BY_aNP_up
Glmp,qRP_BY_aNP_up
Glud1A,qRP_BY_aNP_up
Gm2A,qRP_BY_aNP_up
Gmppab,qRP_BY_aNP_up
Gna12A,qRP_BY_aNP_up
Gna15.4,qRP_BY_aNP_up
Gng12A,qRP_BY_aNP_up
Gng8,qRP_BY_aNP_up
Gnmt,qRP_BY_aNP_up
Gnpda1,qRP_BY_aNP_up
Golim4B,qRP_BY_aNP_up
Gpat3,qRP_BY_aNP_up
Gpc1B,qRP_BY_aNP_up
Gpc5B,qRP_BY_aNP_up
Gpd1B,qRP_BY_aNP_up
Gpr157,qRP_BY_aNP_up
Gpr18,qRP_BY_aNP_up
Gpr186,qRP_BY_aNP_up
Gpr37L1B,qRP_BY_aNP_up
Gpx4A,qRP_BY_aNP_up
Gpx7,qRP_BY_aNP_up
Grapa,qRP_BY_aNP_up
Grhpra,qRP_BY_aNP_up
Gria2B,qRP_BY_aNP_up
Grin1A,qRP_BY_aNP_up
Grin3A,qRP_BY_aNP_up
Grm4,qRP_BY_aNP_up
Gsto1,qRP_BY_aNP_up
Gstr,qRP_BY_aNP_up
Gstt1B,qRP_BY_aNP_up
Gyg1B,qRP_BY_aNP_up
Havcr1,qRP_BY_aNP_up
Havcr2,qRP_BY_aNP_up
Hbegfa,qRP_BY_aNP_up
Hbegfb,qRP_BY_aNP_up
Hepacama,qRP_BY_aNP_up
Her4.1,qRP_BY_aNP_up
Her4.3,qRP_BY_aNP_up
Her4.4,qRP_BY_aNP_up
Her8.2,qRP_BY_aNP_up
Her9,qRP_BY_aNP_up
Hexb,qRP_BY_aNP_up
Hey1,qRP_BY_aNP_up
Hey2,qRP_BY_aNP_up
Hhatla,qRP_BY_aNP_up
Hhip,qRP_BY_aNP_up
Hhipl1,qRP_BY_aNP_up
Higd1A,qRP_BY_aNP_up
Hlfa,qRP_BY_aNP_up
Hmgb3B,qRP_BY_aNP_up
Hmgcra,qRP_BY_aNP_up
Hmox1A,qRP_BY_aNP_up
Hopx,qRP_BY_aNP_up
Hsd17B12B,qRP_BY_aNP_up
Hsd17B3,qRP_BY_aNP_up
Hsp70.2,qRP_BY_aNP_up
Hsp70.3,qRP_BY_aNP_up
Hsp70L,qRP_BY_aNP_up
Hspb15,qRP_BY_aNP_up
Htra1A,qRP_BY_aNP_up
Id1,qRP_BY_aNP_up
Idh1,qRP_BY_aNP_up
Ifi30,qRP_BY_aNP_up
Ifit10,qRP_BY_aNP_up
Ifit8,qRP_BY_aNP_up
Igf2B,qRP_BY_aNP_up
Igfbp2A,qRP_BY_aNP_up
Igsf9Ba,qRP_BY_aNP_up
Il1Rapl1A,qRP_BY_aNP_up
Iqsec2,qRP_BY_aNP_up
Irf7,qRP_BY_aNP_up
Irg1,qRP_BY_aNP_up
Irge4,qRP_BY_aNP_up
Irx5A,qRP_BY_aNP_up
Isg15,qRP_BY_aNP_up
Itgae.1,qRP_BY_aNP_up
Itih1,qRP_BY_aNP_up
Itm2Ba,qRP_BY_aNP_up
Jagn1B,qRP_BY_aNP_up
Jph1B,qRP_BY_aNP_up
Jun,qRP_BY_aNP_up
Junba,qRP_BY_aNP_up
Jund,qRP_BY_aNP_up
Kcnj11L,qRP_BY_aNP_up
Kcnn3,qRP_BY_aNP_up
Kctd12.2,qRP_BY_aNP_up
Kdelr3,qRP_BY_aNP_up
Kiaa1549La,qRP_BY_aNP_up
Kiss1,qRP_BY_aNP_up
Klf6A,qRP_BY_aNP_up
Lamp1,qRP_BY_aNP_up
Laptm4B,qRP_BY_aNP_up
Lcn15,qRP_BY_aNP_up
Ldlrad2,qRP_BY_aNP_up
Ldlrap1A,qRP_BY_aNP_up
Lgals2A,qRP_BY_aNP_up
Lgals3Bpa,qRP_BY_aNP_up
Lgals3Bpb,qRP_BY_aNP_up
Lgals9L1,qRP_BY_aNP_up
Lgals9L3,qRP_BY_aNP_up
Lgmn,qRP_BY_aNP_up
Lim2.2,qRP_BY_aNP_up
Lin7A,qRP_BY_aNP_up
Lipf,qRP_BY_aNP_up
Lipg,qRP_BY_aNP_up
Lmna,qRP_BY_aNP_up
Loc100000332,qRP_BY_aNP_up
Loc100001452,qRP_BY_aNP_up
Loc100148329,qRP_BY_aNP_up
Loc100331324,qRP_BY_aNP_up
Loc100334443,qRP_BY_aNP_up
Loc100535965,qRP_BY_aNP_up
Loc101882781,qRP_BY_aNP_up
Loc101884755,qRP_BY_aNP_up
Loc101885014,qRP_BY_aNP_up
Loc101885512,qRP_BY_aNP_up
Loc108179126,qRP_BY_aNP_up
Loc108190685,qRP_BY_aNP_up
Loc557306,qRP_BY_aNP_up
Loc558721,qRP_BY_aNP_up
Loc563082,qRP_BY_aNP_up
Loc563933,qRP_BY_aNP_up
Loc795887,qRP_BY_aNP_up
Loxl1,qRP_BY_aNP_up
Lrrc4Ba,qRP_BY_aNP_up
Lrrn1,qRP_BY_aNP_up
Lrrn3,qRP_BY_aNP_up
Lta4H,qRP_BY_aNP_up
Ltb4R,qRP_BY_aNP_up
Luzp1,qRP_BY_aNP_up
Luzp2,qRP_BY_aNP_up
Lyn,qRP_BY_aNP_up
M6Pr,qRP_BY_aNP_up
Mafaa,qRP_BY_aNP_up
Mafba,qRP_BY_aNP_up
Mafbb,qRP_BY_aNP_up
Man2B2,qRP_BY_aNP_up
Mao,qRP_BY_aNP_up
Map1Aa,qRP_BY_aNP_up
Map1Ab,qRP_BY_aNP_up
Map7D3,qRP_BY_aNP_up
Mapk12A,qRP_BY_aNP_up
Mapk14A,qRP_BY_aNP_up
Marcksl1B,qRP_BY_aNP_up
Marco,qRP_BY_aNP_up
Mboat1,qRP_BY_aNP_up
Mboat2A,qRP_BY_aNP_up
Mbpa,qRP_BY_aNP_up
Mcamb,qRP_BY_aNP_up
Mcl1B,qRP_BY_aNP_up
Mdka,qRP_BY_aNP_up
Me1,qRP_BY_aNP_up
Mertka,qRP_BY_aNP_up
Metrn,qRP_BY_aNP_up
Mettl7A,qRP_BY_aNP_up
Mfap4,qRP_BY_aNP_up
Mfge8A,qRP_BY_aNP_up
Mfng,qRP_BY_aNP_up
Mgat1B,qRP_BY_aNP_up
Mgll,qRP_BY_aNP_up
Mgst1.2,qRP_BY_aNP_up
Mhc1Lia,qRP_BY_aNP_up
Mical3B,qRP_BY_aNP_up
Mid1Ip1L,qRP_BY_aNP_up
Mkl1B,qRP_BY_aNP_up
Mkxa,qRP_BY_aNP_up
Mlc1,qRP_BY_aNP_up
Mmp14B,qRP_BY_aNP_up
Mmp2,qRP_BY_aNP_up
Mospd2,qRP_BY_aNP_up
Mpdu1A,qRP_BY_aNP_up
Mpeg1.1,qRP_BY_aNP_up
Mpeg1.2,qRP_BY_aNP_up
Mpz,qRP_BY_aNP_up
Mrc1B,qRP_BY_aNP_up
Ms4A17A.10,qRP_BY_aNP_up
Ms4A17A.11,qRP_BY_aNP_up
Ms4A17A.8,qRP_BY_aNP_up
Ms4A17A.9,qRP_BY_aNP_up
Msmo1,qRP_BY_aNP_up
Mt2,qRP_BY_aNP_up
Mtmr1B,qRP_BY_aNP_up
Mtss1L,qRP_BY_aNP_up
Mxc,qRP_BY_aNP_up
Mxra8B,qRP_BY_aNP_up
Myd88,qRP_BY_aNP_up
Myl9B,qRP_BY_aNP_up
Myo9Aa,qRP_BY_aNP_up
Napab,qRP_BY_aNP_up
Ncf1,qRP_BY_aNP_up
Ncf2,qRP_BY_aNP_up
Ncf4,qRP_BY_aNP_up
Nck1A,qRP_BY_aNP_up
Ndufa3,qRP_BY_aNP_up
Necab1,qRP_BY_aNP_up
Nedd4L,qRP_BY_aNP_up
Nenf,qRP_BY_aNP_up
Neto1L,qRP_BY_aNP_up
Nfe2L2A,qRP_BY_aNP_up
Nfil3-6,qRP_BY_aNP_up
Ngb,qRP_BY_aNP_up
Ngfra,qRP_BY_aNP_up
Ninj2,qRP_BY_aNP_up
Nkx2.2A,qRP_BY_aNP_up
Nog2,qRP_BY_aNP_up
Notch3,qRP_BY_aNP_up
Npas3,qRP_BY_aNP_up
Npas4A,qRP_BY_aNP_up
Npc1,qRP_BY_aNP_up
Npc2,qRP_BY_aNP_up
Npl,qRP_BY_aNP_up
Nppcl,qRP_BY_aNP_up
Nptx1L,qRP_BY_aNP_up
Npy,qRP_BY_aNP_up
Nr2E1,qRP_BY_aNP_up
Nrbp2A,qRP_BY_aNP_up
Nucb1,qRP_BY_aNP_up
Nufip2,qRP_BY_aNP_up
Nwd2,qRP_BY_aNP_up
Ociad2,qRP_BY_aNP_up
Olfm3B,qRP_BY_aNP_up
Olig1,qRP_BY_aNP_up
Olig2,qRP_BY_aNP_up
Opcml,qRP_BY_aNP_up
Ostm1,qRP_BY_aNP_up
P2Ry12,qRP_BY_aNP_up
P4Ha1B,qRP_BY_aNP_up
Pacsin1A,qRP_BY_aNP_up
Pak2A,qRP_BY_aNP_up
Pald1B,qRP_BY_aNP_up
Papss2B,qRP_BY_aNP_up
Pard6Gb,qRP_BY_aNP_up
Parp12A,qRP_BY_aNP_up
Pawr,qRP_BY_aNP_up
Pcbp4,qRP_BY_aNP_up
Pcolceb,qRP_BY_aNP_up
Pcp4A,qRP_BY_aNP_up
Pdgfaa,qRP_BY_aNP_up
Pecam1,qRP_BY_aNP_up
Peli2,qRP_BY_aNP_up
Perp,qRP_BY_aNP_up
Pgd,qRP_BY_aNP_up
Pgm1,qRP_BY_aNP_up
Pgp,qRP_BY_aNP_up
Pgrmc1,qRP_BY_aNP_up
Phgdh,qRP_BY_aNP_up
Phyhd1,qRP_BY_aNP_up
Phyhiplb,qRP_BY_aNP_up
Pik3C2A,qRP_BY_aNP_up
Pik3Cb,qRP_BY_aNP_up
Pisd,qRP_BY_aNP_up
Pkp4,qRP_BY_aNP_up
Plcb3,qRP_BY_aNP_up
Plcd3A,qRP_BY_aNP_up
Plch1,qRP_BY_aNP_up
Plcxd3,qRP_BY_aNP_up
Pld1A,qRP_BY_aNP_up
Pleca,qRP_BY_aNP_up
Plekhb2,qRP_BY_aNP_up
Plin2,qRP_BY_aNP_up
Plk2B,qRP_BY_aNP_up
Plod1A,qRP_BY_aNP_up
Plp1B,qRP_BY_aNP_up
Plp2,qRP_BY_aNP_up
Plpp1A,qRP_BY_aNP_up
Plpp3,qRP_BY_aNP_up
Pm20D1.2,qRP_BY_aNP_up
Pnp6,qRP_BY_aNP_up
Popdc2,qRP_BY_aNP_up
Pora,qRP_BY_aNP_up
Porb,qRP_BY_aNP_up
Pou3F2A,qRP_BY_aNP_up
Ppap2D,qRP_BY_aNP_up
Ppfibp1A,qRP_BY_aNP_up
Ppm1Nb,qRP_BY_aNP_up
Ppp1R14Aa,qRP_BY_aNP_up
Ppp1R15A,qRP_BY_aNP_up
Ppp2R3B,qRP_BY_aNP_up
Prcp,qRP_BY_aNP_up
Prdm8,qRP_BY_aNP_up
Prdx6,qRP_BY_aNP_up
Prex2,qRP_BY_aNP_up
Prlhr2A,qRP_BY_aNP_up
Proca1,qRP_BY_aNP_up
Prodha,qRP_BY_aNP_up
Prokr1A,qRP_BY_aNP_up
Prom1A,qRP_BY_aNP_up
Prom1B,qRP_BY_aNP_up
Prom2,qRP_BY_aNP_up
Pros1,qRP_BY_aNP_up
Proza,qRP_BY_aNP_up
Prss16,qRP_BY_aNP_up
Prtfdc1,qRP_BY_aNP_up
Psat1,qRP_BY_aNP_up
Ptch2,qRP_BY_aNP_up
Ptgdsb.1,qRP_BY_aNP_up
Ptgdsb.2,qRP_BY_aNP_up
Ptges,qRP_BY_aNP_up
Ptprz1B,qRP_BY_aNP_up
Pttg1Ipb,qRP_BY_aNP_up
Pygmb,qRP_BY_aNP_up
Pyya,qRP_BY_aNP_up
Pyyb,qRP_BY_aNP_up
Rab20,qRP_BY_aNP_up
Rab22A,qRP_BY_aNP_up
Rab32A,qRP_BY_aNP_up
Rab34A,qRP_BY_aNP_up
Rab8B,qRP_BY_aNP_up
Rabep2,qRP_BY_aNP_up
Rac1A,qRP_BY_aNP_up
Rad51B,qRP_BY_aNP_up
Rap1B,qRP_BY_aNP_up
Rapgef1A,qRP_BY_aNP_up
Rasd1,qRP_BY_aNP_up
Rasgef1Bb,qRP_BY_aNP_up
Rassf2A,qRP_BY_aNP_up
Rassf8B,qRP_BY_aNP_up
Rbck1,qRP_BY_aNP_up
Rbm11,qRP_BY_aNP_up
Rbm47,qRP_BY_aNP_up
Rbp2A,qRP_BY_aNP_up
Rdh10A,qRP_BY_aNP_up
Rdh12,qRP_BY_aNP_up
Rdh12L,qRP_BY_aNP_up
Rdh8A,qRP_BY_aNP_up
Reep3A,qRP_BY_aNP_up
Renbp,qRP_BY_aNP_up
Retsat,qRP_BY_aNP_up
Rftn2,qRP_BY_aNP_up
Rgcc,qRP_BY_aNP_up
Rgl1,qRP_BY_aNP_up
Rgs16,qRP_BY_aNP_up
Rgs4,qRP_BY_aNP_up
Rhbdf1A,qRP_BY_aNP_up
Rhoca,qRP_BY_aNP_up
Rhoga,qRP_BY_aNP_up
Rhoq,qRP_BY_aNP_up
Rin2,qRP_BY_aNP_up
Rlbp1B,qRP_BY_aNP_up
Rnaseka,qRP_BY_aNP_up
Rnf128A,qRP_BY_aNP_up
Rpe65A,qRP_BY_aNP_up
Rprml,qRP_BY_aNP_up
Rpz5,qRP_BY_aNP_up
Rsad2,qRP_BY_aNP_up
Rsrp1,qRP_BY_aNP_up
Rtn4A,qRP_BY_aNP_up
Rtn4R,qRP_BY_aNP_up
Rxraa,qRP_BY_aNP_up
S100B,qRP_BY_aNP_up
S100V2,qRP_BY_aNP_up
S1Pr1,qRP_BY_aNP_up
Sall1A,qRP_BY_aNP_up
Sall3A,qRP_BY_aNP_up
Sall3B,qRP_BY_aNP_up
Samsn1A,qRP_BY_aNP_up
Sc:D0284,qRP_BY_aNP_up
Sc:D156,qRP_BY_aNP_up
Scarf1,qRP_BY_aNP_up
Scg2B,qRP_BY_aNP_up
Scg3,qRP_BY_aNP_up
Scg5,qRP_BY_aNP_up
Scn4Bb,qRP_BY_aNP_up
Scpep1,qRP_BY_aNP_up
Sdc4,qRP_BY_aNP_up
Sdcbp2,qRP_BY_aNP_up
Sec14L8,qRP_BY_aNP_up
Sec62,qRP_BY_aNP_up
Sema5A,qRP_BY_aNP_up
Sepn1,qRP_BY_aNP_up
Sepp1A,qRP_BY_aNP_up
Sept8B,qRP_BY_aNP_up
Serhl,qRP_BY_aNP_up
Serinc2,qRP_BY_aNP_up
Serpine1,qRP_BY_aNP_up
Serpinh1A,qRP_BY_aNP_up
Serpinh1B,qRP_BY_aNP_up
Sesn3,qRP_BY_aNP_up
Sfrp1A,qRP_BY_aNP_up
Sfxn5B,qRP_BY_aNP_up
Sgk2B,qRP_BY_aNP_up
Sgk3,qRP_BY_aNP_up
Sgpl1,qRP_BY_aNP_up
Sh3Gl2,qRP_BY_aNP_up
Sh3Glb1A,qRP_BY_aNP_up
Sh3Rf1,qRP_BY_aNP_up
Sh3Tc2,qRP_BY_aNP_up
Si:Busm1-57F23.1,qRP_BY_aNP_up
Si:Ch1073-90M23.1,qRP_BY_aNP_up
Si:Ch211-106A19.1,qRP_BY_aNP_up
Si:Ch211-113G11.6,qRP_BY_aNP_up
Si:Ch211-132B12.8,qRP_BY_aNP_up
Si:Ch211-147J13.3,qRP_BY_aNP_up
Si:Ch211-151P13.8,qRP_BY_aNP_up
Si:Ch211-157B11.14,qRP_BY_aNP_up
Si:Ch211-158D24.4,qRP_BY_aNP_up
Si:Ch211-15D5.11,qRP_BY_aNP_up
Si:Ch211-171H4.6,qRP_BY_aNP_up
Si:Ch211-180A12.2,qRP_BY_aNP_up
Si:Ch211-18I17.2,qRP_BY_aNP_up
Si:Ch211-191A24.3,qRP_BY_aNP_up
Si:Ch211-197G15.6,qRP_BY_aNP_up
Si:Ch211-197G15.8,qRP_BY_aNP_up
Si:Ch211-212K18.7,qRP_BY_aNP_up
Si:Ch211-220F12.1,qRP_BY_aNP_up
Si:Ch211-236D3.4,qRP_BY_aNP_up
Si:Ch211-237L4.6,qRP_BY_aNP_up
Si:Ch211-243A20.3,qRP_BY_aNP_up
Si:Ch211-251B21.1,qRP_BY_aNP_up
Si:Ch211-254N4.3,qRP_BY_aNP_up
Si:Ch211-278P9.3,qRP_BY_aNP_up
Si:Ch211-283G2.2,qRP_BY_aNP_up
Si:Ch211-286B5.5,qRP_BY_aNP_up
Si:Ch211-286B5.9,qRP_BY_aNP_up
Si:Ch211-286C4.6,qRP_BY_aNP_up
Si:Ch211-39K3.2,qRP_BY_aNP_up
Si:Ch211-66E2.5,qRP_BY_aNP_up
Si:Ch211-74M13.3,qRP_BY_aNP_up
Si:Ch211-76L23.7,qRP_BY_aNP_up
Si:Ch211-79M20.1,qRP_BY_aNP_up
Si:Ch73-111E15.1,qRP_BY_aNP_up
Si:Ch73-112L6.1,qRP_BY_aNP_up
Si:Ch73-199E17.1,qRP_BY_aNP_up
Si:Ch73-237C6.1,qRP_BY_aNP_up
Si:Ch73-24K9.2,qRP_BY_aNP_up
Si:Ch73-288O11.5,qRP_BY_aNP_up
Si:Ch73-375G18.1,qRP_BY_aNP_up
Si:Ch73-380L3.2,qRP_BY_aNP_up
Si:Ch73-380L3.3,qRP_BY_aNP_up
Si:Ch73-390P7.2,qRP_BY_aNP_up
Si:Ch73-51I5.2,qRP_BY_aNP_up
Si:Ch73-52P7.1,qRP_BY_aNP_up
Si:Ch73-86N18.1,qRP_BY_aNP_up
Si:Dkey-104N9.1,qRP_BY_aNP_up
Si:Dkey-106C17.3,qRP_BY_aNP_up
Si:Dkey-108K21.12,qRP_BY_aNP_up
Si:Dkey-126G1.7,qRP_BY_aNP_up
Si:Dkey-145P14.5,qRP_BY_aNP_up
Si:Dkey-164F24.2,qRP_BY_aNP_up
Si:Dkey-183J2.10,qRP_BY_aNP_up
Si:Dkey-188I13.11,qRP_BY_aNP_up
Si:Dkey-200L5.4,qRP_BY_aNP_up
Si:Dkey-204F11.64,qRP_BY_aNP_up
Si:Dkey-205H13.1,qRP_BY_aNP_up
Si:Dkey-22O12.2,qRP_BY_aNP_up
Si:Dkey-238F9.1,qRP_BY_aNP_up
Si:Dkey-238O13.4,qRP_BY_aNP_up
Si:Dkey-23A13.5,qRP_BY_aNP_up
Si:Dkey-23K10.5,qRP_BY_aNP_up
Si:Dkey-26C10.5,qRP_BY_aNP_up
Si:Dkey-274M17.3,qRP_BY_aNP_up
Si:Dkey-27H10.2,qRP_BY_aNP_up
Si:Dkey-29D8.3,qRP_BY_aNP_up
Si:Dkey-31E10.5,qRP_BY_aNP_up
Si:Dkey-33C12.3,qRP_BY_aNP_up
Si:Dkey-33I11.1,qRP_BY_aNP_up
Si:Dkey-40G16.6,qRP_BY_aNP_up
Si:Dkey-4C23.3,qRP_BY_aNP_up
Si:Dkey-4P15.3,qRP_BY_aNP_up
Si:Dkey-58F10.14,qRP_BY_aNP_up
Si:Dkey-58F10.7,qRP_BY_aNP_up
Si:Dkey-79D12.5,qRP_BY_aNP_up
Si:Dkey-7J14.6,qRP_BY_aNP_up
Si:Dkeyp-111E5.4,qRP_BY_aNP_up
Si:Dkeyp-123H10.2,qRP_BY_aNP_up
Si:Dkeyp-23E4.3,qRP_BY_aNP_up
Si:Dkeyp-69C1.7,qRP_BY_aNP_up
Si:Dkeyp-72H1.1,qRP_BY_aNP_up
Si:Rp71-19M20.1,qRP_BY_aNP_up
Si:Rp71-56I13.6,qRP_BY_aNP_up
Si:Rp71-80O10.4,qRP_BY_aNP_up
Sigmar1,qRP_BY_aNP_up
Slc12A4,qRP_BY_aNP_up
Slc13A5A,qRP_BY_aNP_up
Slc20A1B,qRP_BY_aNP_up
Slc20A2,qRP_BY_aNP_up
Slc25A18,qRP_BY_aNP_up
Slc25A25A,qRP_BY_aNP_up
Slc25A48,qRP_BY_aNP_up
Slc2A12,qRP_BY_aNP_up
Slc2A13B,qRP_BY_aNP_up
Slc30A1A,qRP_BY_aNP_up
Slc31A1,qRP_BY_aNP_up
Slc31A2,qRP_BY_aNP_up
Slc35F6,qRP_BY_aNP_up
Slc38A3A,qRP_BY_aNP_up
Slc39A1,qRP_BY_aNP_up
Slc3A2A,qRP_BY_aNP_up
Slc43A2B,qRP_BY_aNP_up
Slc45A4,qRP_BY_aNP_up
Slc47A1,qRP_BY_aNP_up
Slc4A8,qRP_BY_aNP_up
Slc6A11B,qRP_BY_aNP_up
Slc7A10B,qRP_BY_aNP_up
Slc7A7,qRP_BY_aNP_up
Slco2B1,qRP_BY_aNP_up
Slitrk2,qRP_BY_aNP_up
Slmapb,qRP_BY_aNP_up
Smad5,qRP_BY_aNP_up
Smad6B,qRP_BY_aNP_up
Smim14,qRP_BY_aNP_up
Smoc2,qRP_BY_aNP_up
Smox,qRP_BY_aNP_up
Smpd1,qRP_BY_aNP_up
Sncga,qRP_BY_aNP_up
Snx10B,qRP_BY_aNP_up
Snx15,qRP_BY_aNP_up
Snx17,qRP_BY_aNP_up
Snx18A,qRP_BY_aNP_up
Snx27A,qRP_BY_aNP_up
Socs3A,qRP_BY_aNP_up
Sorcs2,qRP_BY_aNP_up
Soul5,qRP_BY_aNP_up
Sowahd,qRP_BY_aNP_up
Sox10,qRP_BY_aNP_up
Sox2,qRP_BY_aNP_up
Sox21B,qRP_BY_aNP_up
Sox8B,qRP_BY_aNP_up
Sox9B,qRP_BY_aNP_up
Sparc,qRP_BY_aNP_up
Spi1A,qRP_BY_aNP_up
Spock2,qRP_BY_aNP_up
Spra,qRP_BY_aNP_up
Spred1,qRP_BY_aNP_up
Spsb1,qRP_BY_aNP_up
Sqlea,qRP_BY_aNP_up
Srgap2,qRP_BY_aNP_up
Sri,qRP_BY_aNP_up
Sst1.1,qRP_BY_aNP_up
Sst3,qRP_BY_aNP_up
Stom,qRP_BY_aNP_up
Stoml3B,qRP_BY_aNP_up
Ston2,qRP_BY_aNP_up
Stra6,qRP_BY_aNP_up
Sult2St3,qRP_BY_aNP_up
Sult6B1,qRP_BY_aNP_up
Swap70B,qRP_BY_aNP_up
Sybu,qRP_BY_aNP_up
Syt11A,qRP_BY_aNP_up
Syt5B,qRP_BY_aNP_up
Syt9B,qRP_BY_aNP_up
Tac3A,qRP_BY_aNP_up
Tbc1D16,qRP_BY_aNP_up
Tfap2A,qRP_BY_aNP_up
Tfeb,qRP_BY_aNP_up
Tfpia,qRP_BY_aNP_up
Tgm2L,qRP_BY_aNP_up
Timd4,qRP_BY_aNP_up
Timp2B,qRP_BY_aNP_up
Tjp2B,qRP_BY_aNP_up
Tlcd1,qRP_BY_aNP_up
Tlr21,qRP_BY_aNP_up
Tlr5B,qRP_BY_aNP_up
Tmed5,qRP_BY_aNP_up
Tmeff2A,qRP_BY_aNP_up
Tmem144A,qRP_BY_aNP_up
Tmem178B,qRP_BY_aNP_up
Tmem179,qRP_BY_aNP_up
Tmem206,qRP_BY_aNP_up
Tmem245,qRP_BY_aNP_up
Tmem268,qRP_BY_aNP_up
Tmem47,qRP_BY_aNP_up
Tmem51A,qRP_BY_aNP_up
Tmem59,qRP_BY_aNP_up
Tnfaip2A,qRP_BY_aNP_up
Tnfb,qRP_BY_aNP_up
Tnfrsf1A,qRP_BY_aNP_up
Tnfsf10,qRP_BY_aNP_up
Tnfsf10L,qRP_BY_aNP_up
Tnfsf12,qRP_BY_aNP_up
Tnika,qRP_BY_aNP_up
Tob1A,qRP_BY_aNP_up
Tob1B,qRP_BY_aNP_up
Tpcn1,qRP_BY_aNP_up
Tpd52L1,qRP_BY_aNP_up
Tpi1A,qRP_BY_aNP_up
Tpp1,qRP_BY_aNP_up
Tpte,qRP_BY_aNP_up
Traf4A,qRP_BY_aNP_up
Tram2,qRP_BY_aNP_up
Trim13,qRP_BY_aNP_up
Trip10A,qRP_BY_aNP_up
Tsku,qRP_BY_aNP_up
Tspan18A,qRP_BY_aNP_up
Tspan18B,qRP_BY_aNP_up
Tspan2A,qRP_BY_aNP_up
Tspan36,qRP_BY_aNP_up
Tspan9B,qRP_BY_aNP_up
Ttyh3A,qRP_BY_aNP_up
Tub,qRP_BY_aNP_up
Tuba8L3,qRP_BY_aNP_up
Tuft1A,qRP_BY_aNP_up
Uap1L1,qRP_BY_aNP_up
Ubl3B,qRP_BY_aNP_up
Ucp1,qRP_BY_aNP_up
Uevld,qRP_BY_aNP_up
Ugt8,qRP_BY_aNP_up
Unm_Hu7912,qRP_BY_aNP_up
Urp1,qRP_BY_aNP_up
Ust,qRP_BY_aNP_up
Uts1,qRP_BY_aNP_up
Vamp1,qRP_BY_aNP_up
Vamp5,qRP_BY_aNP_up
Vegfab,qRP_BY_aNP_up
Viml,qRP_BY_aNP_up
Vmp1,qRP_BY_aNP_up
Vsnl1A,qRP_BY_aNP_up
Vstm4A,qRP_BY_aNP_up
Wbp2Nl,qRP_BY_aNP_up
Wdfy1,qRP_BY_aNP_up
Wdfy3,qRP_BY_aNP_up
Wdsub1,qRP_BY_aNP_up
Wipi1,qRP_BY_aNP_up
Wls,qRP_BY_aNP_up
Wnt7Aa,qRP_BY_aNP_up
Wnt7Bb,qRP_BY_aNP_up
Wscd1B,qRP_BY_aNP_up
Wu:Fj29H11,qRP_BY_aNP_up
Xaf1,qRP_BY_aNP_up
Xbp1,qRP_BY_aNP_up
Xcr1B.3,qRP_BY_aNP_up
Xpnpep2,qRP_BY_aNP_up
Yes1,qRP_BY_aNP_up
Zcchc24,qRP_BY_aNP_up
Zeb2A,qRP_BY_aNP_up
Zfp36L1B,qRP_BY_aNP_up
Zgc:100829,qRP_BY_aNP_up
Zgc:101100,qRP_BY_aNP_up
Zgc:101540,qRP_BY_aNP_up
Zgc:101744,qRP_BY_aNP_up
Zgc:103438,qRP_BY_aNP_up
Zgc:110239,qRP_BY_aNP_up
Zgc:110339,qRP_BY_aNP_up
Zgc:110340,qRP_BY_aNP_up
Zgc:110372,qRP_BY_aNP_up
Zgc:110591,qRP_BY_aNP_up
Zgc:112332,qRP_BY_aNP_up
Zgc:112492,qRP_BY_aNP_up
Zgc:113337,qRP_BY_aNP_up
Zgc:114174,qRP_BY_aNP_up
Zgc:122979,qRP_BY_aNP_up
Zgc:123010,qRP_BY_aNP_up
Zgc:136870,qRP_BY_aNP_up
Zgc:152658,qRP_BY_aNP_up
Zgc:152753,qRP_BY_aNP_up
Zgc:152791,qRP_BY_aNP_up
Zgc:153372,qRP_BY_aNP_up
Zgc:153615,qRP_BY_aNP_up
Zgc:153631,qRP_BY_aNP_up
Zgc:153704,qRP_BY_aNP_up
Zgc:154125,qRP_BY_aNP_up
Zgc:162183,qRP_BY_aNP_up
Zgc:162780,qRP_BY_aNP_up
Zgc:165461,qRP_BY_aNP_up
Zgc:172090,qRP_BY_aNP_up
Zgc:172122,qRP_BY_aNP_up
Zgc:173915,qRP_BY_aNP_up
Zgc:174888,qRP_BY_aNP_up
Zgc:175264,qRP_BY_aNP_up
Zgc:194209,qRP_BY_aNP_up
Zgc:56719,qRP_BY_aNP_up
Zgc:63587,qRP_BY_aNP_up
Zgc:66433,qRP_BY_aNP_up
Zgc:77158,qRP_BY_aNP_up
Zgc:91818,qRP_BY_aNP_up
Zgc:92066,qRP_BY_aNP_up
Zgc:92249,qRP_BY_aNP_up
Zgc:92287,qRP_BY_aNP_up
Zmp:0000000936,qRP_BY_aNP_up
Abhd15A,aNP_BY_qRP_up
Ablim1A,aNP_BY_qRP_up
Abo,aNP_BY_qRP_up
Ackr3A,aNP_BY_qRP_up
Adora2Aa,aNP_BY_qRP_up
Adrb3A,aNP_BY_qRP_up
Afap1,aNP_BY_qRP_up
Alas2,aNP_BY_qRP_up
Alkbh2,aNP_BY_qRP_up
Alox5B.3,aNP_BY_qRP_up
Ano5A,aNP_BY_qRP_up
Anxa1A,aNP_BY_qRP_up
Apbb3,aNP_BY_qRP_up
Apc2,aNP_BY_qRP_up
Aqp1A.2,aNP_BY_qRP_up
Aqp3A,aNP_BY_qRP_up
Arhgap25,aNP_BY_qRP_up
Arhgap9,aNP_BY_qRP_up
Atat1,aNP_BY_qRP_up
Atp1A1A.2,aNP_BY_qRP_up
Atp1A1A.3,aNP_BY_qRP_up
Atxn7L1,aNP_BY_qRP_up
B3Gnt5A,aNP_BY_qRP_up
Ba1,aNP_BY_qRP_up
Ba1,aNP_BY_qRP_up
Bbs12,aNP_BY_qRP_up
Bcl11Ba,aNP_BY_qRP_up
Bcl6A,aNP_BY_qRP_up
Bhlhe22,aNP_BY_qRP_up
Bhlhe23,aNP_BY_qRP_up
Capn2B,aNP_BY_qRP_up
Capslb,aNP_BY_qRP_up
Ccl34B.4,aNP_BY_qRP_up
Ccl38.1,aNP_BY_qRP_up
Ccl38A.5,aNP_BY_qRP_up
Ccnd2B,aNP_BY_qRP_up
Ccr7,aNP_BY_qRP_up
Cd247L,aNP_BY_qRP_up
Cd28,aNP_BY_qRP_up
Cd28,aNP_BY_qRP_up
Cd4-1,aNP_BY_qRP_up
Cd79A,aNP_BY_qRP_up
Cd82B,aNP_BY_qRP_up
Cd8A,aNP_BY_qRP_up
Cetp,aNP_BY_qRP_up
Cfap99,aNP_BY_qRP_up
Cish,aNP_BY_qRP_up
Cldne,aNP_BY_qRP_up
Cldni,aNP_BY_qRP_up
Cmah,aNP_BY_qRP_up
Coro2Ba,aNP_BY_qRP_up
Ctsl.1,aNP_BY_qRP_up
Ctss1,aNP_BY_qRP_up
Cxcl32B.1,aNP_BY_qRP_up
Cxcr3.1,aNP_BY_qRP_up
Cxcr4A,aNP_BY_qRP_up
Cyldb,aNP_BY_qRP_up
Cyp26A1,aNP_BY_qRP_up
Cyth4A,aNP_BY_qRP_up
Dchs1B,aNP_BY_qRP_up
Def6A,aNP_BY_qRP_up
Def6B,aNP_BY_qRP_up
Def6C,aNP_BY_qRP_up
Dennd2Da,aNP_BY_qRP_up
Dgkaa,aNP_BY_qRP_up
Dll4,aNP_BY_qRP_up
Dock11,aNP_BY_qRP_up
Dscc1,aNP_BY_qRP_up
Dub,aNP_BY_qRP_up
Ebf1B,aNP_BY_qRP_up
Edaradd,aNP_BY_qRP_up
Eomesa,aNP_BY_qRP_up
Epb41B,aNP_BY_qRP_up
Esrrga,aNP_BY_qRP_up
Esyt1A,aNP_BY_qRP_up
F13A1B,aNP_BY_qRP_up
F2Rl2,aNP_BY_qRP_up
Fam102Ba,aNP_BY_qRP_up
Fam107B,aNP_BY_qRP_up
Fgf6A,aNP_BY_qRP_up
Foxp3A,aNP_BY_qRP_up
Ftr70,aNP_BY_qRP_up
Gata1A,aNP_BY_qRP_up
Gata3,aNP_BY_qRP_up
Gc3,aNP_BY_qRP_up
Gfi1Aa,aNP_BY_qRP_up
Gfi1Ab,aNP_BY_qRP_up
Glipr1A,aNP_BY_qRP_up
Glrba,aNP_BY_qRP_up
Gpr55A,aNP_BY_qRP_up
Gpr78A,aNP_BY_qRP_up
Gzm3,aNP_BY_qRP_up
Gzma,aNP_BY_qRP_up
Gzmk,aNP_BY_qRP_up
Hbaa1,aNP_BY_qRP_up
Hbaa1,aNP_BY_qRP_up
Hcst,aNP_BY_qRP_up
Hdac7B,aNP_BY_qRP_up
Hdr,aNP_BY_qRP_up
Hif1Al2,aNP_BY_qRP_up
Hmga2,aNP_BY_qRP_up
Hoxb5B,aNP_BY_qRP_up
Hpdb,aNP_BY_qRP_up
Htr6,aNP_BY_qRP_up
Hunk,aNP_BY_qRP_up
Id3,aNP_BY_qRP_up
Iffo1B,aNP_BY_qRP_up
Ifng1-2,aNP_BY_qRP_up
Ifnphi2,aNP_BY_qRP_up
Igdcc3,aNP_BY_qRP_up
Igf2Bp1,aNP_BY_qRP_up
Il13,aNP_BY_qRP_up
Il15L,aNP_BY_qRP_up
Il2Rb,aNP_BY_qRP_up
Il2Rgb,aNP_BY_qRP_up
Il34,aNP_BY_qRP_up
Il4,aNP_BY_qRP_up
Il7R,aNP_BY_qRP_up
Illr1,aNP_BY_qRP_up
Iqgap2,aNP_BY_qRP_up
Irf4B,aNP_BY_qRP_up
Islr2,aNP_BY_qRP_up
Itga1,aNP_BY_qRP_up
Itga3A,aNP_BY_qRP_up
Itga6L,aNP_BY_qRP_up
Itk,aNP_BY_qRP_up
Kcnk18,aNP_BY_qRP_up
Kidins220A,aNP_BY_qRP_up
Kif26Aa,aNP_BY_qRP_up
Kif26Ab,aNP_BY_qRP_up
Kif26Bb,aNP_BY_qRP_up
Kif3Cb,aNP_BY_qRP_up
Klf1,aNP_BY_qRP_up
Klf17,aNP_BY_qRP_up
Klf3,aNP_BY_qRP_up
Krt4,aNP_BY_qRP_up
Krt5,aNP_BY_qRP_up
Lect2L,aNP_BY_qRP_up
Lipia,aNP_BY_qRP_up
Lmo4A,aNP_BY_qRP_up
Lmo7B,aNP_BY_qRP_up
Loc100002141,aNP_BY_qRP_up
Loc100006636,aNP_BY_qRP_up
Loc100148293,aNP_BY_qRP_up
Loc100329480,aNP_BY_qRP_up
Loc100538251,aNP_BY_qRP_up
Loc101883412,aNP_BY_qRP_up
Loc101883469,aNP_BY_qRP_up
Loc101884556,aNP_BY_qRP_up
Loc101885775,aNP_BY_qRP_up
Loc101885910,aNP_BY_qRP_up
Loc103909722,aNP_BY_qRP_up
Loc108180095,aNP_BY_qRP_up
Loc558044,aNP_BY_qRP_up
Loc571865,aNP_BY_qRP_up
Loc799203,aNP_BY_qRP_up
Loxl3B,aNP_BY_qRP_up
Lpar5B,aNP_BY_qRP_up
Lrrc15,aNP_BY_qRP_up
Lyz,aNP_BY_qRP_up
Mctp1B,aNP_BY_qRP_up
Melk,aNP_BY_qRP_up
Mex3A,aNP_BY_qRP_up
Mex3B,aNP_BY_qRP_up
Mfsd6B,aNP_BY_qRP_up
Mmp13A,aNP_BY_qRP_up
Mmp9,aNP_BY_qRP_up
Mpped1,aNP_BY_qRP_up
Mxd,aNP_BY_qRP_up
Myb,aNP_BY_qRP_up
Mybpha,aNP_BY_qRP_up
Mycn,aNP_BY_qRP_up
Myh11A,aNP_BY_qRP_up
Mylk5,aNP_BY_qRP_up
Nab1A,aNP_BY_qRP_up
Nav2A,aNP_BY_qRP_up
Ncaldb,aNP_BY_qRP_up
Neurod1,aNP_BY_qRP_up
Neurod2,aNP_BY_qRP_up
Neurod6B,aNP_BY_qRP_up
Nfe2L2B,aNP_BY_qRP_up
Nfil3,aNP_BY_qRP_up
Nhlh2,aNP_BY_qRP_up
Nitr13,aNP_BY_qRP_up
Nitr1C,aNP_BY_qRP_up
Nitr2A,aNP_BY_qRP_up
Nitr3A,aNP_BY_qRP_up
Nitr5,aNP_BY_qRP_up
Nitr6B,aNP_BY_qRP_up
Nitr7B,aNP_BY_qRP_up
Nkain4,aNP_BY_qRP_up
Nkl.1,aNP_BY_qRP_up
Nkl.3,aNP_BY_qRP_up
Nkl.4,aNP_BY_qRP_up
Nmt1B,aNP_BY_qRP_up
Npsn,aNP_BY_qRP_up
Nt5C2L1,aNP_BY_qRP_up
Olig4,aNP_BY_qRP_up
Osbpl3A,aNP_BY_qRP_up
Osbpl7,aNP_BY_qRP_up
P2Rx1,aNP_BY_qRP_up
P2Rx3A,aNP_BY_qRP_up
P2Rx3B,aNP_BY_qRP_up
P2Ry10,aNP_BY_qRP_up
Palm3,aNP_BY_qRP_up
Pdgfbb,aNP_BY_qRP_up
Pdia2,aNP_BY_qRP_up
Pdzrn4,aNP_BY_qRP_up
Pgbd4,aNP_BY_qRP_up
Pik3R6,aNP_BY_qRP_up
Pimr138,aNP_BY_qRP_up
Pip5K1Ba,aNP_BY_qRP_up
Plekhg2,aNP_BY_qRP_up
Plppr3A,aNP_BY_qRP_up
Plxna2,aNP_BY_qRP_up
Pole,aNP_BY_qRP_up
Ponzr6,aNP_BY_qRP_up
Ppp1R14Ba,aNP_BY_qRP_up
Prdm1A,aNP_BY_qRP_up
Prdm8B,aNP_BY_qRP_up
Prf1.7,aNP_BY_qRP_up
Prf1.9,aNP_BY_qRP_up
Prkcda,aNP_BY_qRP_up
Prkcha,aNP_BY_qRP_up
Prkchb,aNP_BY_qRP_up
Prnpb,aNP_BY_qRP_up
Pstpip1A,aNP_BY_qRP_up
Rad9A,aNP_BY_qRP_up
Rag1,aNP_BY_qRP_up
Rasal3,aNP_BY_qRP_up
Rasgrp2,aNP_BY_qRP_up
Rasgrp3,aNP_BY_qRP_up
Rassf2B,aNP_BY_qRP_up
Rcor2,aNP_BY_qRP_up
Rell2,aNP_BY_qRP_up
Rhag,aNP_BY_qRP_up
Rhbdf1B,aNP_BY_qRP_up
Rhof,aNP_BY_qRP_up
Rhoh,aNP_BY_qRP_up
Rin3,aNP_BY_qRP_up
Rltpr,aNP_BY_qRP_up
Samd11,aNP_BY_qRP_up
Scgn,aNP_BY_qRP_up
Scin,aNP_BY_qRP_up
Scinlb,aNP_BY_qRP_up
Sftpba,aNP_BY_qRP_up
Sh2D1Ab,aNP_BY_qRP_up
Shdb,aNP_BY_qRP_up
Si:Ch1073-110A20.1,aNP_BY_qRP_up
Si:Ch1073-110A20.2,aNP_BY_qRP_up
Si:Ch1073-110A20.3,aNP_BY_qRP_up
Si:Ch1073-214B20.2,aNP_BY_qRP_up
Si:Ch211-103N10.5,aNP_BY_qRP_up
Si:Ch211-105J21.9,aNP_BY_qRP_up
Si:Ch211-105N15.1,aNP_BY_qRP_up
Si:Ch211-129C21.1,aNP_BY_qRP_up
Si:Ch211-132G1.1,aNP_BY_qRP_up
Si:Ch211-132G1.4,aNP_BY_qRP_up
Si:Ch211-132G1.6,aNP_BY_qRP_up
Si:Ch211-133N4.7,aNP_BY_qRP_up
Si:Ch211-136M16.8,aNP_BY_qRP_up
Si:Ch211-149E23.4,aNP_BY_qRP_up
Si:Ch211-152F22.4,aNP_BY_qRP_up
Si:Ch211-165B19.5,aNP_BY_qRP_up
Si:Ch211-165B19.8,aNP_BY_qRP_up
Si:Ch211-165D12.4,aNP_BY_qRP_up
Si:Ch211-167J9.5,aNP_BY_qRP_up
Si:Ch211-173D10.4,aNP_BY_qRP_up
Si:Ch211-197G15.10,aNP_BY_qRP_up
Si:Ch211-209L18.2,aNP_BY_qRP_up
Si:Ch211-214P13.9,aNP_BY_qRP_up
Si:Ch211-217K17.10,aNP_BY_qRP_up
Si:Ch211-226M16.2,aNP_BY_qRP_up
Si:Ch211-235O23.1,aNP_BY_qRP_up
Si:Ch211-264E16.2,aNP_BY_qRP_up
Si:Ch211-5K11.6,aNP_BY_qRP_up
Si:Ch211-67E16.3,aNP_BY_qRP_up
Si:Ch73-109I22.2,aNP_BY_qRP_up
Si:Ch73-14H1.2,aNP_BY_qRP_up
Si:Ch73-208G10.1,aNP_BY_qRP_up
Si:Ch73-226L13.2,aNP_BY_qRP_up
Si:Ch73-95L15.5,aNP_BY_qRP_up
Si:Dkey-10F21.4,aNP_BY_qRP_up
Si:Dkey-11P10.10,aNP_BY_qRP_up
Si:Dkey-125I10.3,aNP_BY_qRP_up
Si:Dkey-12H9.6,aNP_BY_qRP_up
Si:Dkey-182I3.11,aNP_BY_qRP_up
Si:Dkey-183P4.10,aNP_BY_qRP_up
Si:Dkey-184P9.9,aNP_BY_qRP_up
Si:Dkey-19A16.5,aNP_BY_qRP_up
Si:Dkey-19B23.11,aNP_BY_qRP_up
Si:Dkey-20D21.12,aNP_BY_qRP_up
Si:Dkey-210J14.3,aNP_BY_qRP_up
Si:Dkey-21E2.12,aNP_BY_qRP_up
Si:Dkey-21E2.4,aNP_BY_qRP_up
Si:Dkey-24P1.1,aNP_BY_qRP_up
Si:Dkey-25O16.2,aNP_BY_qRP_up
Si:Dkey-261H17.1,aNP_BY_qRP_up
Si:Dkey-261L7.2,aNP_BY_qRP_up
Si:Dkey-262K9.2,aNP_BY_qRP_up
Si:Dkey-276J7.2,aNP_BY_qRP_up
Si:Dkey-284P5.3,aNP_BY_qRP_up
Si:Dkey-34L15.2,aNP_BY_qRP_up
Si:Dkey-38P12.3,aNP_BY_qRP_up
Si:Dkey-71H2.2,aNP_BY_qRP_up
Si:Dkey-78K11.9,aNP_BY_qRP_up
Si:Dkey-78L4.2,aNP_BY_qRP_up
Si:Dkey-78L4.4,aNP_BY_qRP_up
Si:Dkey-78L4.5,aNP_BY_qRP_up
Si:Dkey-78L4.6,aNP_BY_qRP_up
Si:Dkey-81J8.6,aNP_BY_qRP_up
Si:Dkey-9I23.4,aNP_BY_qRP_up
Si:Dkey-9I23.5,aNP_BY_qRP_up
Si:Rp71-15D4.1,aNP_BY_qRP_up
Si:Rp71-15K1.1,aNP_BY_qRP_up
Si:Zfos-1425H8.1,aNP_BY_qRP_up
Si:Zfos-2330D3.8,aNP_BY_qRP_up
Siglec15L,aNP_BY_qRP_up
Sik1,aNP_BY_qRP_up
Six2B,aNP_BY_qRP_up
Skap1,aNP_BY_qRP_up
Sla2,aNP_BY_qRP_up
Slc20A1A,aNP_BY_qRP_up
Slc43A1A,aNP_BY_qRP_up
Slc43A3A,aNP_BY_qRP_up
Slc44A5B,aNP_BY_qRP_up
Slc4A11,aNP_BY_qRP_up
Slc4A1A,aNP_BY_qRP_up
Slc6A14,aNP_BY_qRP_up
Smtnl1,aNP_BY_qRP_up
Soga3A,aNP_BY_qRP_up
Sp100.3,aNP_BY_qRP_up
Sptb,aNP_BY_qRP_up
Ssrp1A,aNP_BY_qRP_up
St8Sia2,aNP_BY_qRP_up
Stap2A,aNP_BY_qRP_up
Stard14,aNP_BY_qRP_up
Stmn2B,aNP_BY_qRP_up
Swap70A,aNP_BY_qRP_up
Sycp1,aNP_BY_qRP_up
Sytl3,aNP_BY_qRP_up
Tagapa,aNP_BY_qRP_up
Tbc1D10C,aNP_BY_qRP_up
Tbr1A,aNP_BY_qRP_up
Tbr1B,aNP_BY_qRP_up
Tbx21,aNP_BY_qRP_up
Tgfbr2,aNP_BY_qRP_up
Themis,aNP_BY_qRP_up
Thsd7Aa,aNP_BY_qRP_up
Tmem150Ab,aNP_BY_qRP_up
Tmsb,aNP_BY_qRP_up
Tnfrsf9B,aNP_BY_qRP_up
Traf1,aNP_BY_qRP_up
Traf3Ip2L,aNP_BY_qRP_up
Trim66,aNP_BY_qRP_up
Triobpa,aNP_BY_qRP_up
Tshz3A,aNP_BY_qRP_up
Tubb5,aNP_BY_qRP_up
Wdr66,aNP_BY_qRP_up
Wu:Fd14A06,aNP_BY_qRP_up
Zap70,aNP_BY_qRP_up
Zbtb18,aNP_BY_qRP_up
Zbtb32,aNP_BY_qRP_up
Zeb2B,aNP_BY_qRP_up
Zgc:111983,aNP_BY_qRP_up
Zgc:113229,aNP_BY_qRP_up
Zgc:114041,aNP_BY_qRP_up
Zgc:136605,aNP_BY_qRP_up
Zgc:153952,aNP_BY_qRP_up
Zgc:158225,aNP_BY_qRP_up
Zgc:158446,aNP_BY_qRP_up
Zgc:158659,aNP_BY_qRP_up
Zgc:163057,aNP_BY_qRP_up
Zgc:165423,aNP_BY_qRP_up
Zgc:171686,aNP_BY_qRP_up
Zgc:171713,aNP_BY_qRP_up
Zgc:174160,aNP_BY_qRP_up
Zgc:174945,aNP_BY_qRP_up
Zgc:194101,aNP_BY_qRP_up
Zgc:194275,aNP_BY_qRP_up
Zgc:195282,aNP_BY_qRP_up
Zgc:77112,aNP_BY_qRP_up
Zgc:92880,aNP_BY_qRP_up
Zmp:0000001132,aNP_BY_qRP_up
Zmp:0000001161,aNP_BY_qRP_up
Znf532,aNP_BY_qRP_up
